totalnopforkeyword	keywordname	score	matches	keywordid	exactsuggestedbidmedian	avggiveaway	exactavgcpc	exactsearchvolume	estimatedbroadsearchvolume	keywordcountry	quarterlytrend	estimatedavggiveaway	easeofrankingscore	broadsearchvolume	broadsuggestedbidmedian	keywordcategory	monthlytrend	broadavgcpc	estimatedexactsearchvolume	keyword_url	hasupdatedsearchvolume	hasupdatedcpc	organicproductcount	sponsoredproductcount	im1	im2	im3	im4	im5	im6
8	belly cast kit pregnancy	52.029842	6.4581462321	us/belly cast kit pregnancy	0.67	8.0		8231.0	8544.0	us	16.0	8.0	100.0	8544.0	0.75	Baby	78.0		8231.0	https://www.amazon.com/s/ref=nb_sb_noss?url=search-alias%3Daps&field-keywords=belly%20cast%20kit%20pregnancy	True	False	144.0	29.0	"=Image(""https://m.media-amazon.com/images/I/41BxDhNQnaL._AC_UY218_.jpg"",4,100,122)"	"=Image(""https://m.media-amazon.com/images/I/71IwBFtQMcL._AC_UY218_.jpg"",4,100,122)"	"=Image(""https://m.media-amazon.com/images/I/5118Ta1W2zL._AC_UY218_.jpg"",4,100,122)"	"=Image(""https://encrypted-tbn0.gstatic.com/images?q=tbn:ANd9GcQkVI9WtVZRkg2RTqLOawOz766675kdxB1FEuM44gKAVbJY1vOwqOdKQyQehY0&s"",4,100,122)"	"=Image(""https://encrypted-tbn0.gstatic.com/images?q=tbn:ANd9GcTrgW9SdPCf7GPve9HxnuCsMPX-0nW9eEFIo-aBeBox37VYbcu79u-arLjdyBo&s"",4,100,122)"	"=Image(""https://encrypted-tbn0.gstatic.com/images?q=tbn:ANd9GcTkmXd83_bQV1VA8PvjgXkD1Jr64IMgHG_t42ej85xgcW3Un46PFIqxRhVJRg&s"",4,100,122)"
4	botox for face	58.39084	12.2220537938	us/botox for face	1.6400000000000001	234.0	2.62	8218.0	14083.0	us	36.0	234.0	100.0	14083.0	1.49	Beauty & Personal Care	59.0	2.62	8218.0	https://www.amazon.com/s/ref=nb_sb_noss?url=search-alias%3Daps&field-keywords=botox%20for%20face	True	True	953.0	0.0	"=Image(""https://m.media-amazon.com/images/I/81cCKM0pl4L._AC_UY218_.jpg"",4,100,122)"	"=Image(""https://m.media-amazon.com/images/I/810BldYJl7L._AC_UY218_.jpg"",4,100,122)"	"=Image(""https://m.media-amazon.com/images/I/516yN4iPdQL._AC_UY218_.jpg"",4,100,122)"	"=Image(""https://encrypted-tbn0.gstatic.com/images?q=tbn:ANd9GcT8G38p9AaFIW-50fmRF4BjuCKaT6yAqPOIiBY9dIRdRIyE7U5v10mrnOQU8lI&s"",4,100,122)"	"=Image(""https://encrypted-tbn0.gstatic.com/images?q=tbn:ANd9GcRSICnEQPLYX4RHOK6dCJWfk9VZC4uZKOXe7D45ISFdvP0TNPx_bKTWaWGzMy4&s"",4,100,122)"	"=Image(""https://encrypted-tbn0.gstatic.com/images?q=tbn:ANd9GcRTsiA2oF-n0xJkmPIYsOVu9t35038nMDycWG9OZ5suLVlXkEEjcKCXZPvKPA&s"",4,100,122)"
2	mad hippie vitamin c serum	73.22035	15.3260863604	us/mad hippie vitamin c serum		98.0		8200.0	10858.0	us	111.0	98.0	90.0	10858.0		Beauty & Personal Care	75.0		8200.0	https://www.amazon.com/s/ref=nb_sb_noss?url=search-alias%3Daps&field-keywords=mad%20hippie%20vitamin%20c%20serum	True	False	39.0	21.0	"=Image(""https://m.media-amazon.com/images/I/514WaBbU42L._AC_UY218_.jpg"",4,100,122)"	"=Image(""https://m.media-amazon.com/images/I/61Ti2qajlIL._AC_UY218_.jpg"",4,100,122)"	"=Image(""https://m.media-amazon.com/images/I/71VBcboPrCL._AC_UY218_.jpg"",4,100,122)"	"=Image(""https://encrypted-tbn0.gstatic.com/images?q=tbn:ANd9GcS8svxgBAMp9thg2FOf8MDBZdQRo5XpSdEEe3sKZN9gWAx7NJ5rFF8WwgneSDQ&s"",4,100,122)"	"=Image(""https://encrypted-tbn0.gstatic.com/images?q=tbn:ANd9GcS3bUOoRI-Xn9lHfE6CwfJUvRBp-2aopV5e4tQIxwcoB_ZLJNvHwXGKjzYfTA&s"",4,100,122)"	"=Image(""https://encrypted-tbn0.gstatic.com/images?q=tbn:ANd9GcTLGdmJImKt5GHMqDIqEOPhtThVCTUdQtwMhyzUEwoufKnzIIf1FFPUjvwNr58&s"",4,100,122)"
4	truskin vitamin c serum	110.23894	23.0746167523	us/truskin vitamin c serum	2.61	100.0		7949.0	15543.0	us	-1.0	100.0	95.0	15543.0	1.7000000000000002	Beauty & Personal Care	28.0		7949.0	https://www.amazon.com/s/ref=nb_sb_noss?url=search-alias%3Daps&field-keywords=truskin%20vitamin%20c%20serum	True	True	432.0	18.0	"=Image(""https://m.media-amazon.com/images/I/516yN4iPdQL._AC_UY218_.jpg"",4,100,122)"	"=Image(""https://m.media-amazon.com/images/I/71F3Oho5XoL._AC_UY218_.jpg"",4,100,122)"	"=Image(""https://m.media-amazon.com/images/I/613OCUOPWxL._AC_UY218_.jpg"",4,100,122)"	"=Image(""https://encrypted-tbn0.gstatic.com/images?q=tbn:ANd9GcR3ljrVkw42a0dXCI0hT8QEZLd-HxpLGIlqNjVruVe0YyvTehipCpc0GpUN4AI&s"",4,100,122)"	"=Image(""https://encrypted-tbn0.gstatic.com/images?q=tbn:ANd9GcTmea_FsMVzaD3ynZO_aA3cJPqOJQVDtXAf5FI5ifXk1Dff9EGJsn9T-q6VAFo&s"",4,100,122)"	"=Image(""https://encrypted-tbn0.gstatic.com/images?q=tbn:ANd9GcQYBQv3XgYy3jdNmBkc4rstJn3P8Vau2lavORb0sMEDOR_F22HmkLRVSSHQpQ&s"",4,100,122)"
5	door bell ringer wireless	55.920692	31.2635477191	us/door bell ringer wireless	3.4	68.0		7920.0	26427.0	us	100.0	68.0	85.0	26427.0	1.56	Tools & Home Improvement	85.0		7920.0	https://www.amazon.com/s/ref=nb_sb_noss?url=search-alias%3Daps&field-keywords=door%20bell%20ringer%20wireless	True	False	611.0	36.0	"=Image(""https://m.media-amazon.com/images/I/61Xz4Htx8jL._AC_UY218_.jpg"",4,100,122)"	"=Image(""https://m.media-amazon.com/images/I/61mEM0k9mvL._AC_UY218_.jpg"",4,100,122)"	"=Image(""https://m.media-amazon.com/images/I/61yP5CX+Y1L._AC_UY218_.jpg"",4,100,122)"	"=Image(""https://encrypted-tbn0.gstatic.com/images?q=tbn:ANd9GcTJDno_2RN5fGJhmFmdz7E29_3CjHzetxamcdxVbCI19x0iMjBnXpuionEjXg&s"",4,100,122)"	"=Image(""https://encrypted-tbn0.gstatic.com/images?q=tbn:ANd9GcSmLHFHnUNFz6Dz9HLcThIF88hmCVXZJZ6km6MpZE5ovRGTemyAPpkUCWZvgBk&s"",4,100,122)"	"=Image(""https://encrypted-tbn0.gstatic.com/images?q=tbn:ANd9GcThANLpIKZaSWprWs-lhKs8c4yCcovI2aEcVrJ_YC1L73NFCXm4vLY8UTwqR0k&s"",4,100,122)"
3	plantifique foot peel	60.54692	15.6487977855	us/plantifique foot peel		79.0		7856.0	12358.0	us	-18.0	79.0	100.0	12358.0		Beauty & Personal Care	55.0		7856.0	https://www.amazon.com/s/ref=nb_sb_noss?url=search-alias%3Daps&field-keywords=plantifique%20foot%20peel	True	False	65.0	32.0	"=Image(""https://m.media-amazon.com/images/I/71jjK8Wb6QL._AC_UY218_.jpg"",4,100,122)"	"=Image(""https://m.media-amazon.com/images/I/71D0jHcne6L._AC_UY218_.jpg"",4,100,122)"	"=Image(""https://m.media-amazon.com/images/I/71XgLMjX5oL._AC_UY218_.jpg"",4,100,122)"	"=Image(""https://encrypted-tbn0.gstatic.com/images?q=tbn:ANd9GcRCBxmGAxd1jx4L32mb6nbeChHjGSUZNGgIw1TQqoXIZqEAEH5PixpEm7SqYA&s"",4,100,122)"	"=Image(""https://encrypted-tbn0.gstatic.com/images?q=tbn:ANd9GcTySU-e4QK75h9lgOz5pPbkzk6ukxCweuVgFFMyltQzxnMsGByhNP0kNhA5nA&s"",4,100,122)"	"=Image(""https://encrypted-tbn0.gstatic.com/images?q=tbn:ANd9GcReMTkm7vjLelfpZJdbRY5MSaiFoN21yX4uLbgsuaVAr3k32sw5yCoocxx16g&s"",4,100,122)"
4	ponds cold cream	45.27897	8.2222532138	us/ponds cold cream	0.9400000000000001	29.0		7673.0	11030.0	us	12.0	29.0	95.0	11030.0	0.86	Beauty & Personal Care	36.0		7673.0	https://www.amazon.com/s/ref=nb_sb_noss?url=search-alias%3Daps&field-keywords=ponds%20cold%20cream	True	True	188.0	30.0	"=Image(""https://m.media-amazon.com/images/I/41weEROMvPL._AC_UY218_.jpg"",4,100,122)"	"=Image(""https://m.media-amazon.com/images/I/71+krKWARdL._AC_UY218_.jpg"",4,100,122)"	"=Image(""https://m.media-amazon.com/images/I/616ayu8YE9L._AC_UY218_.jpg"",4,100,122)"	"=Image(""https://encrypted-tbn0.gstatic.com/images?q=tbn:ANd9GcScgwExnXhjfRW7hhSMh0-0uz2eWUBGSXg98biLfH34vu4nVMhTIiSzOqCkPUM&s"",4,100,122)"	"=Image(""https://encrypted-tbn0.gstatic.com/images?q=tbn:ANd9GcR6vXk7BkXLavcMBtCyR8Ay4cHSl7_2xvHivxcfh7UH0mt5GIJDTHawdQl_dpI&s"",4,100,122)"	"=Image(""https://encrypted-tbn0.gstatic.com/images?q=tbn:ANd9GcTYQfyoqvHA9UoGPNmxmWExWz9XF1PiuRY1RE8wHhllUYH3lqO15E2A4CJVfXM&s"",4,100,122)"
2	ring doorbell accessories	122.18951	68.3124160313	us/ring doorbell accessories	0.89	22.0		7623.0	10619.0	us	320.0	22.0	100.0	10619.0	0.81	Tools & Home Improvement	33.0		7623.0	https://www.amazon.com/s/ref=nb_sb_noss?url=search-alias%3Daps&field-keywords=ring%20doorbell%20accessories	True	True	1000.0	27.0	"=Image(""https://m.media-amazon.com/images/I/71RV128LaGL._AC_UY218_.jpg"",4,100,122)"	"=Image(""https://m.media-amazon.com/images/I/71tzjDQVTGL._AC_UY218_.jpg"",4,100,122)"	"=Image(""https://m.media-amazon.com/images/I/61Y+2qysmnL._AC_UY218_.jpg"",4,100,122)"	"=Image(""https://encrypted-tbn0.gstatic.com/images?q=tbn:ANd9GcSnjezt2ZYKjrtsn46SsVsThpmO0nNh206xdJ4NieN7S_n-_8sMQRaV05KIDA&s"",4,100,122)"	"=Image(""https://encrypted-tbn0.gstatic.com/images?q=tbn:ANd9GcThvAz7liIWpbCjeUu1Fu9_EoDHlStI_24oUhqLHQ4UZM4Sw0mCVwhbvGZ32NE&s"",4,100,122)"	"=Image(""https://encrypted-tbn0.gstatic.com/images?q=tbn:ANd9GcR30FoB6bjzByFlAl32MSMVqPRzc7-e3MM57U-I62OGGKE359pxfg07U7HaufU&s"",4,100,122)"
3	ring peephole camera	99.18939	55.453752745	us/ring peephole camera	0.68	92.0		7580.0	10527.0	us	-19.0	92.0	100.0	10527.0	0.7000000000000001	Tools & Home Improvement	2.0		7580.0	https://www.amazon.com/s/ref=nb_sb_noss?url=search-alias%3Daps&field-keywords=ring%20peephole%20camera	True	False	88.0	18.0	"=Image(""https://m.media-amazon.com/images/I/41yxkvpFEiL._AC_UY218_.jpg"",4,100,122)"	"=Image(""https://m.media-amazon.com/images/I/71yMqy+YI9L._AC_UY218_.jpg"",4,100,122)"	"=Image(""https://m.media-amazon.com/images/I/714im+KNaqL._AC_UY218_.jpg"",4,100,122)"	"=Image(""https://encrypted-tbn0.gstatic.com/images?q=tbn:ANd9GcR9CZk2EkHPzCA8ONg6I-_mvBeGRl7EYWmiMRY3FeQGdnQYiVOVE3NpOuAY3aA&s"",4,100,122)"	"=Image(""https://encrypted-tbn0.gstatic.com/images?q=tbn:ANd9GcSai-N_70yeueXPGtzel5THsgQ9UOWngkOrLPIG8nydmqx8_OlHiXY27LAz728&s"",4,100,122)"	"=Image(""https://encrypted-tbn0.gstatic.com/images?q=tbn:ANd9GcRfyUZZPGbQEZnQee_dneFCxuua5uAaS52-R95OD5TY4NZvml3zhmlEYfkAB7Q&s"",4,100,122)"
4	stealth core trainer	54.124645	11.1012115116	us/stealth core trainer	0.78	21.0	2.03	7392.0	10438.0	us	23.0	21.0	80.0	10438.0	0.78	Sports & Outdoors	-45.0	2.03	7392.0	https://www.amazon.com/s/ref=nb_sb_noss?url=search-alias%3Daps&field-keywords=stealth%20core%20trainer	True	True	220.0	9.0	"=Image(""https://m.media-amazon.com/images/I/71+uWG+jeJL._AC_UY218_.jpg"",4,100,122)"	"=Image(""https://m.media-amazon.com/images/I/71QJJOCr09L._AC_UY218_.jpg"",4,100,122)"	"=Image(""https://m.media-amazon.com/images/I/71NsaZpLqyL._AC_UY218_.jpg"",4,100,122)"	"=Image(""https://encrypted-tbn0.gstatic.com/images?q=tbn:ANd9GcRkZp-zq5wAjaRdFMRKRsk7gIRxHpaGgQoK23ckozBMN1jQd6DgxPbCM4kN8Q&s"",4,100,122)"	"=Image(""https://encrypted-tbn0.gstatic.com/images?q=tbn:ANd9GcT2EZjMxQnpmXowRMHDE5mGVRxsjYfR9gfRsUYKyT61ligPgxAbF5uV8xNtZg&s"",4,100,122)"	"=Image(""https://encrypted-tbn0.gstatic.com/images?q=tbn:ANd9GcSy_d95CQ-EjWRBTyK761NMi-LvH_hGMhFagKTvF5E6fPaXQxUDQJY5YT5VDg&s"",4,100,122)"
3	condoms 100 pack variety	91.062904	10.7955679122	us/condoms 100 pack variety	0.44	3.0		7310.0	7610.0	us	2121.0	3.0	100.0	7610.0	0.44	Health & Household	38.0		7310.0	https://www.amazon.com/s/ref=nb_sb_noss?url=search-alias%3Daps&field-keywords=condoms%20100%20pack%20variety	True	False	145.0	0.0	"=Image(""https://m.media-amazon.com/images/I/81WdJ-WRfsL._AC_UY218_.jpg"",4,100,122)"	"=Image(""https://m.media-amazon.com/images/I/91l1Pl3NfEL._AC_UY218_.jpg"",4,100,122)"	"=Image(""https://m.media-amazon.com/images/I/81x3FQCoNVL._AC_UY218_.jpg"",4,100,122)"	"=Image(""https://encrypted-tbn0.gstatic.com/images?q=tbn:ANd9GcSJ6jfBOCaRL2_u5OfFJGAdhwiw8qxNLGz1NXJ8eaLBGgnXfxA5QrzhKLtvCA&s"",4,100,122)"	"=Image(""https://encrypted-tbn0.gstatic.com/images?q=tbn:ANd9GcSjUIZpq-z0A45Y8gaQPATGCyLauPkEx1s_0DaqAYJ-D-v587QRZrwa8cq9F1w&s"",4,100,122)"	"=Image(""https://encrypted-tbn0.gstatic.com/images?q=tbn:ANd9GcQWjhXm9DduwABDDBVWb9DsSeIYucYfEITr2tzgsN1SAmYi8B83UEvscf4jhw&s"",4,100,122)"
1	bandaids flexible fabric	52.022366	4.8801198943	us/bandaids flexible fabric	1.13	41.0	13.1	7196.0	10174.0	us	21.0	41.0	100.0	10174.0	0.96	Health & Household	23.0	13.1	7196.0	https://www.amazon.com/s/ref=nb_sb_noss?url=search-alias%3Daps&field-keywords=bandaids%20flexible%20fabric	True	True	815.0	30.0	"=Image(""https://m.media-amazon.com/images/I/91wvG8mS6KL._AC_UY218_.jpg"",4,100,122)"	"=Image(""https://m.media-amazon.com/images/I/814wuzoB-7L._AC_UY218_.jpg"",4,100,122)"	"=Image(""https://m.media-amazon.com/images/I/91MHXXm442L._AC_UY218_.jpg"",4,100,122)"	"=Image(""https://encrypted-tbn0.gstatic.com/images?q=tbn:ANd9GcRuMJyLvlDrNDf8V3ne4_fKAcSqtSCq2Gyn5UWqWlh7OOt3-TtspuNVlKOyng&s"",4,100,122)"	"=Image(""https://encrypted-tbn0.gstatic.com/images?q=tbn:ANd9GcSZa0oSDfVw9jLyoU1hGhwXVY9iYRA-Yx_sEjZ5yoKOp5kDeRjWBhjnEL1Km9o&s"",4,100,122)"	"=Image(""https://encrypted-tbn0.gstatic.com/images?q=tbn:ANd9GcQKD4cW6WIY4TQO5CNxT0KG9pBxk1qbFl9_2bgyG_kKD71eo6xkM9RD2ReGrHg&s"",4,100,122)"
5	weathertech phone holder	67.327415	18.3436727633	us/weathertech phone holder	1.26	84.0		7104.0	12989.0	us	587.0	84.0	100.0	12989.0	1.55	Cell Phones & Accessories	-42.0		7104.0	https://www.amazon.com/s/ref=nb_sb_noss?url=search-alias%3Daps&field-keywords=weathertech%20phone%20holder	True	False	151.0	6.0	"=Image(""https://m.media-amazon.com/images/I/616-dpNOCmL._AC_UY218_.jpg"",4,100,122)"	"=Image(""https://m.media-amazon.com/images/I/61lxF+3vtZL._AC_UY218_.jpg"",4,100,122)"	"=Image(""https://m.media-amazon.com/images/I/61ehCekV6dL._AC_UY218_.jpg"",4,100,122)"	"=Image(""https://encrypted-tbn0.gstatic.com/images?q=tbn:ANd9GcQSOP-Icj48v-7GSsHGDdwAjgY1f4Avk04TBDrPvIyATupMlKSt2vhisvkTqxc&s"",4,100,122)"	"=Image(""https://encrypted-tbn0.gstatic.com/images?q=tbn:ANd9GcRbhlyQIVy1463UVCa4niHff5TAuIzfLQlYlXu7IBhU53JQi1AB75tTJH3NHQ&s"",4,100,122)"	"=Image(""https://encrypted-tbn0.gstatic.com/images?q=tbn:ANd9GcS_3MsuNHYYt1Zt3THBDZn_M0-78LTxkdQlkAQvQwy0jS-UKMYBMPF4GXzGGvM&s"",4,100,122)"
7	wood therapy massage tools	48.622555	7.5135690678	us/wood therapy massage tools	1.5899999999999999	11.0		7094.0	8299.0	us	18.0	11.0	80.0	8299.0	1.24	Health & Household	140.0		7094.0	https://www.amazon.com/s/ref=nb_sb_noss?url=search-alias%3Daps&field-keywords=wood%20therapy%20massage%20tools	True	False	827.0	36.0	"=Image(""https://m.media-amazon.com/images/I/7186+uramFL._AC_UY218_.jpg"",4,100,122)"	"=Image(""https://m.media-amazon.com/images/I/41+0vtE8FnL._AC_UY218_.jpg"",4,100,122)"	"=Image(""https://m.media-amazon.com/images/I/61o7npOqTwL._AC_UY218_.jpg"",4,100,122)"	"=Image(""https://encrypted-tbn0.gstatic.com/images?q=tbn:ANd9GcSzEF7HWlPtqXIGh0RNUgOqjjpKCqxLMLV-KviMyl8HpL4pVqzo1gYj5AjHRfI&s"",4,100,122)"	"=Image(""https://encrypted-tbn0.gstatic.com/images?q=tbn:ANd9GcSLiym3CiJZi9KQd0fojqEDjp_QT9p4hTlaqWcYg07meIvvejnAgWIg8etUY74&s"",4,100,122)"	"=Image(""https://encrypted-tbn0.gstatic.com/images?q=tbn:ANd9GcSb5EZUwrMdDJDeNWeJ5kvgeKALUe_y6IvLipC6LzNJ10L8Egq-B6-dteg20g&s"",4,100,122)"
7	breathing exercise device	79.54205	11.802249839	us/breathing exercise device	2.1	73.0		7082.0	9390.0	us	47.0	73.0	80.0	9390.0	1.49	Health & Household	47.0		7082.0	https://www.amazon.com/s/ref=nb_sb_noss?url=search-alias%3Daps&field-keywords=breathing%20exercise%20device	True	True	309.0	30.0	"=Image(""https://m.media-amazon.com/images/I/711t-mWxppL._AC_UY218_.jpg"",4,100,122)"	"=Image(""https://m.media-amazon.com/images/I/51KTf7LymnL._AC_UY218_.jpg"",4,100,122)"	"=Image(""https://m.media-amazon.com/images/I/81ALUO15ntL._AC_UY218_.jpg"",4,100,122)"	"=Image(""https://encrypted-tbn0.gstatic.com/images?q=tbn:ANd9GcTxzhMj5KqdAy9Wv6UPP_XmwTLdOXrrT3fLBt0gLL0LPJhoVLlIcKfI7V0jDA&s"",4,100,122)"	"=Image(""https://encrypted-tbn0.gstatic.com/images?q=tbn:ANd9GcSMCMNvEg5-4qujtMcl6OGjJmxwvH_pGuC1RqP_Lt9uCGvA3KxxQbnR1mOpEA&s"",4,100,122)"	"=Image(""https://encrypted-tbn0.gstatic.com/images?q=tbn:ANd9GcRy9qGmuZ0wc9zMgvww-rW-QhO0H0W9HJTO5ZMzS18I45PQsm9fWWj7AaA_uMg&s"",4,100,122)"
4	image skin care	58.23709	12.189871678	us/image skin care	4.88	24.0	3.99	7030.0	10390.0	us	18.0	24.0	100.0	10390.0	2.92	Beauty & Personal Care	31.0	3.99	7030.0	https://www.amazon.com/s/ref=nb_sb_noss?url=search-alias%3Daps&field-keywords=image%20skin%20care	True	True	8000.0	24.0	"=Image(""https://m.media-amazon.com/images/I/51p-R0kTyeL._AC_UY218_.jpg"",4,100,122)"	"=Image(""https://m.media-amazon.com/images/I/710j+cEwqIL._AC_UY218_.jpg"",4,100,122)"	"=Image(""https://m.media-amazon.com/images/I/51rAyXVcnPL._AC_UY218_.jpg"",4,100,122)"	"=Image(""https://encrypted-tbn0.gstatic.com/images?q=tbn:ANd9GcQK6LJpEw33M3k4a6riSgJydAbjLJSXvL9w1c9l22eX5oA6MfUi7Ixu8lAc8u8&s"",4,100,122)"	"=Image(""https://encrypted-tbn0.gstatic.com/images?q=tbn:ANd9GcQK-coT5PtUDrAUsdD8gLufNP68Qs1BvZW_LXXBfEdEn-kDKkIYPCwbwS9MEA&s"",4,100,122)"	"=Image(""https://encrypted-tbn0.gstatic.com/images?q=tbn:ANd9GcQMA86RYq7bWLO9BI-6KBUhq7ConvFWOT21zXj1Um2TQVZ3_lX-ChB-B6DfHUw&s"",4,100,122)"
3	becca under eye brightening corrector	47.40138	8.3976612663	us/becca under eye brightening corrector		22.0		7016.0	10197.0	us	110.0	22.0	95.0	10197.0		Beauty & Personal Care	16.0		7016.0	https://www.amazon.com/s/ref=nb_sb_noss?url=search-alias%3Daps&field-keywords=becca%20under%20eye%20brightening%20corrector	True	False	107.0	8.0	"=Image(""https://m.media-amazon.com/images/I/71rW8NEE8lL._AC_UY218_.jpg"",4,100,122)"	"=Image(""https://m.media-amazon.com/images/I/71SEFtO1QaL._AC_UY218_.jpg"",4,100,122)"	"=Image(""https://m.media-amazon.com/images/I/61nw+SEYsaL._AC_UY218_.jpg"",4,100,122)"	"=Image(""https://encrypted-tbn0.gstatic.com/images?q=tbn:ANd9GcTNGisKHuZE4mDCmw7EHR9uoDXIccUbW9Jin2GuUJDIAasyy3icovbRuTUu77c&s"",4,100,122)"	"=Image(""https://encrypted-tbn0.gstatic.com/images?q=tbn:ANd9GcSiwzEhWD1dtYsKd8vBFH2iXqF8teqRYceWBB4fIT3G6-sb4yJPyP4_SmL4WA&s"",4,100,122)"	"=Image(""https://encrypted-tbn0.gstatic.com/images?q=tbn:ANd9GcSCOxu7s4Xs_kDntPEQJguEHvtG1Akq2nqYO7BEAcUwiLQeFOxGY7GqdwcLxY4&s"",4,100,122)"
3	fitbit watches for women	64.70846	17.1586334455	us/fitbit watches for women	1.19	191.0		6819.0	12499.0	us	-26.0	191.0	100.0	12499.0	1.15	Sports & Outdoors	-20.0		6819.0	https://www.amazon.com/s/ref=nb_sb_noss?url=search-alias%3Daps&field-keywords=fitbit%20watches%20for%20women	True	False	168.0	12.0	"=Image(""https://m.media-amazon.com/images/I/51XZUP540ML._AC_UY218_.jpg"",4,100,122)"	"=Image(""https://m.media-amazon.com/images/I/71smqRr0pmL._AC_UY218_.jpg"",4,100,122)"	"=Image(""https://m.media-amazon.com/images/I/61vTkE07jeL._AC_UY218_.jpg"",4,100,122)"	"=Image(""https://encrypted-tbn0.gstatic.com/images?q=tbn:ANd9GcTCfu1qIb05DiTR55V5I782Js_GDBjYKBeQxvGFYJs_XW11m-sYP2wg4YOwMQ&s"",4,100,122)"	"=Image(""https://encrypted-tbn0.gstatic.com/images?q=tbn:ANd9GcR8h_3ep8qGmoN9YP8_XNpNScuaBkqw6oUPF_WjHGZz6BwiDdxNQcLXQsFaWdA&s"",4,100,122)"	"=Image(""https://encrypted-tbn0.gstatic.com/images?q=tbn:ANd9GcQpAPF-HWm7T62Q9rJFNqPVBYmv3lIfbQGIr8zmT4zd4KXPN-u1IgJe3BS6hA&s"",4,100,122)"
6	body fat measurement device	46.188663	24.0235404224	us/body fat measurement device	1.46	256.0	2.8200000000000003	6819.0	7946.0	us	7.0	256.0	95.0	7946.0	1.02	Health & Household	46.0	2.8200000000000003	6819.0	https://www.amazon.com/s/ref=nb_sb_noss?url=search-alias%3Daps&field-keywords=body%20fat%20measurement%20device	True	True	1000.0	32.0	"=Image(""https://m.media-amazon.com/images/I/71s0Wa7B7mL._AC_UY218_.jpg"",4,100,122)"	"=Image(""https://m.media-amazon.com/images/I/61WQrEstdSL._AC_UY218_.jpg"",4,100,122)"	"=Image(""https://m.media-amazon.com/images/I/61v60JmrcLL._AC_UY218_.jpg"",4,100,122)"	"=Image(""https://encrypted-tbn0.gstatic.com/images?q=tbn:ANd9GcRD8g7x0yBslLxafVx2gH-tSjt49tmbTJ6qyM6VBcGwcSbQhuxz5WhtwIJO0Mw&s"",4,100,122)"	"=Image(""https://encrypted-tbn0.gstatic.com/images?q=tbn:ANd9GcRaKw4-Xu9YW1EmkNLDHo0hDFSNXGtjOCAWy7JBxPX5TZizFMJWz1X90Jkc1w&s"",4,100,122)"	"=Image(""https://encrypted-tbn0.gstatic.com/images?q=tbn:ANd9GcQ1wKLmD3QdOInNKnSRNGlM8uzxWHhxVf07OB9H98gXcHifSe5NaVe9oWdwrU4&s"",4,100,122)"
1	black girl sunscreen	42.414383	8.3014133491	us/black girl sunscreen	1.05	59.0		6791.0	8934.0	us	0.0	59.0	100.0	8934.0	1.4	Beauty & Personal Care	52.0		6791.0	https://www.amazon.com/s/ref=nb_sb_noss?url=search-alias%3Daps&field-keywords=black%20girl%20sunscreen	True	False	441.0	27.0	"=Image(""https://m.media-amazon.com/images/I/519ckQ-MY-L._AC_UY218_.jpg"",4,100,122)"	"=Image(""https://m.media-amazon.com/images/I/71hdFquUiIL._AC_UY218_.jpg"",4,100,122)"	"=Image(""https://m.media-amazon.com/images/I/61Tum4tqKuL._AC_UY218_.jpg"",4,100,122)"	"=Image(""https://encrypted-tbn0.gstatic.com/images?q=tbn:ANd9GcR5Rh46D7YLoZBImoVSrISy2-ZuWwGZ7h3f2bkyexAcA6rjjluIhYInitXMcg&s"",4,100,122)"	"=Image(""https://encrypted-tbn0.gstatic.com/images?q=tbn:ANd9GcRf0U27LtiQpwMZII6040DezLl-YpVxINqYIzmj7ux_mzVVi6pLwstGbDXV2w&s"",4,100,122)"	"=Image(""https://encrypted-tbn0.gstatic.com/images?q=tbn:ANd9GcTfk64dwGvFB8upXuJYOGmugi5KeN3UU7NmSy4qiGozUPMeyrdqt7Fwn_25SQk&s"",4,100,122)"
7	underarm lightening	44.901466	8.7881893566	us/underarm lightening	1.12	50.0		6569.0	9471.0	us	116.0	50.0	90.0	9471.0	1.28	Beauty & Personal Care	149.0		6569.0	https://www.amazon.com/s/ref=nb_sb_noss?url=search-alias%3Daps&field-keywords=underarm%20lightening	True	True	296.0	21.0	"=Image(""https://m.media-amazon.com/images/I/71ZV1g3-MQL._AC_UY218_.jpg"",4,100,122)"	"=Image(""https://m.media-amazon.com/images/I/71rGyfvqNvL._AC_UY218_.jpg"",4,100,122)"	"=Image(""https://m.media-amazon.com/images/I/81k6jQNepvL._AC_UY218_.jpg"",4,100,122)"	"=Image(""https://encrypted-tbn0.gstatic.com/images?q=tbn:ANd9GcTZQVH6IOIS7QFzAcoryNLQF-wA82dd-Fk0OHS04sDhdP6aEYqO_H-lOq6kMPw&s"",4,100,122)"	"=Image(""https://encrypted-tbn0.gstatic.com/images?q=tbn:ANd9GcSfmFQgE3O0i_92MXTNxgDEAjQShY-pXIdkRq_u_LBpaUxExOXdGOrNxZY5jrY&s"",4,100,122)"	"=Image(""https://encrypted-tbn0.gstatic.com/images?q=tbn:ANd9GcRwhGe1SKq9gupm-zMfUsCO4FpBbgVB0GEpJIRxmlhGgTDuc29szxmk_k2iqg&s"",4,100,122)"
5	womens body wash	63.426514	8.2823078523	us/womens body wash	5.0	224.0		6457.0	9307.0	us	2.0	224.0	100.0	9307.0	3.6	Beauty & Personal Care	18.0		6457.0	https://www.amazon.com/s/ref=nb_sb_noss?url=search-alias%3Daps&field-keywords=womens%20body%20wash	True	True	3000.0	36.0	"=Image(""https://m.media-amazon.com/images/I/71NbfFpRvzL._AC_UY218_.jpg"",4,100,122)"	"=Image(""https://m.media-amazon.com/images/I/71RsaL4S71L._AC_UY218_.jpg"",4,100,122)"	"=Image(""https://m.media-amazon.com/images/I/81MDpzSUb3L._AC_UY218_.jpg"",4,100,122)"	"=Image(""https://encrypted-tbn0.gstatic.com/images?q=tbn:ANd9GcSSucayfg00ClJT4Iu-7EwzjTke7dax86kQld-qq2vQAFkxTk4mhJ2rpnUDPg&s"",4,100,122)"	"=Image(""https://encrypted-tbn0.gstatic.com/images?q=tbn:ANd9GcROKB5b7OrkSkSWKsjkgUXevY5caD9q5bCJrTowTbrmCmimTFhqvvWfV83H9cY&s"",4,100,122)"	"=Image(""https://encrypted-tbn0.gstatic.com/images?q=tbn:ANd9GcQ2u7abCGBnnIUNUgDhawnVRkIHXeTFWsZosQGrrHyAFWFJWRIs1oghnDZB3Q&s"",4,100,122)"
2	cerave retinol serum	46.00855	9.6302600386	us/cerave retinol serum	1.8	281.0		6361.0	33615.0	us	126.0	281.0	95.0	33615.0	1.8	Beauty & Personal Care	37.0		6361.0	https://www.amazon.com/s/ref=nb_sb_noss?url=search-alias%3Daps&field-keywords=cerave%20retinol%20serum	True	False	57.0	35.0	"=Image(""https://m.media-amazon.com/images/I/51XHk83uN7L._AC_UY218_.jpg"",4,100,122)"	"=Image(""https://m.media-amazon.com/images/I/61UNRfuCDhL._AC_UY218_.jpg"",4,100,122)"	"=Image(""https://m.media-amazon.com/images/I/81es+3vOzBL._AC_UY218_.jpg"",4,100,122)"	"=Image(""https://encrypted-tbn0.gstatic.com/images?q=tbn:ANd9GcSYrcwZvtVytdCKwnR6Zo2VTN0CNuOW6jjkFwJVuWKfTzDzmbcRQsCXjFMhhw&s"",4,100,122)"	"=Image(""https://encrypted-tbn0.gstatic.com/images?q=tbn:ANd9GcQ-HyK9otjddpPdMwmXZWzPZgPvo57dFr-nJGCK_fYEmSDGcPfy4zqxI5-_2sY&s"",4,100,122)"	"=Image(""https://encrypted-tbn0.gstatic.com/images?q=tbn:ANd9GcTE-9GliNXWGXdeOm3Y-0V8DXdj6a-9j9ugv_rslje72WrJI39TYHOi3ZaZWhs&s"",4,100,122)"
1	owlet smart sock 3	64.54902	9.5776216593	us/owlet smart sock 3	1.5	29.0		6334.0	5596.0	us	-35.0	29.0	94.0	5596.0	0.56	Baby	53.0		6334.0	https://www.amazon.com/s/ref=nb_sb_noss?url=search-alias%3Daps&field-keywords=owlet%20smart%20sock%203	True	False	17.0	9.0	"=Image(""https://m.media-amazon.com/images/I/71UGBgPT3lL._AC_UY218_.jpg"",4,100,122)"	"=Image(""https://m.media-amazon.com/images/I/71PeFuMGWDL._AC_UY218_.jpg"",4,100,122)"	"=Image(""https://m.media-amazon.com/images/I/71q9OfpOsrL._AC_UY218_.jpg"",4,100,122)"	"=Image(""https://encrypted-tbn0.gstatic.com/images?q=tbn:ANd9GcSCDLnYAlzB8UDbsRXXK0zcBO3LA6CILXGuWiSkSawHJXsEHFyT1Oqrb3bP9Z4&s"",4,100,122)"	"=Image(""https://encrypted-tbn0.gstatic.com/images?q=tbn:ANd9GcSV2g7q5dFCIpxf7cRtgjUASx-eN3WfqvlHAEU2jVMub0qUQei-DbcjHVpvrA&s"",4,100,122)"	"=Image(""https://encrypted-tbn0.gstatic.com/images?q=tbn:ANd9GcTESfQKjS-BUgXvckUlraVmg3lY9W6jGzytpvN4tQEAlANdsR4LmmU-LqcCc-Q&s"",4,100,122)"
2	weightloss essentials	65.4335	8.4074173533	us/weightloss essentials		95.0		6223.0	6523.0	us	373.0	95.0	100.0	6523.0		Health & Household	17.0		6223.0	https://www.amazon.com/s/ref=nb_sb_noss?url=search-alias%3Daps&field-keywords=weightloss%20essentials	True	False	2000.0	22.0	"=Image(""https://m.media-amazon.com/images/I/81V9PUPYRwL._AC_UY218_.jpg"",4,100,122)"	"=Image(""https://m.media-amazon.com/images/I/619bh2BSZhL._AC_UY218_.jpg"",4,100,122)"	"=Image(""https://m.media-amazon.com/images/I/71qHXZb+26L._AC_UY218_.jpg"",4,100,122)"	"=Image(""https://encrypted-tbn0.gstatic.com/images?q=tbn:ANd9GcSnqctYwJnTUdkkEPAbn4Yjl6RNYDUHzIj2Zt1YAIFu1_rpKc5Qcuc5X2QJCt8&s"",4,100,122)"	"=Image(""https://encrypted-tbn0.gstatic.com/images?q=tbn:ANd9GcRFH3XPakjgaLfz-fAObb1Tzuwh34VV0-lqIGViNq4S90-M9knmBwdppDZ_aJc&s"",4,100,122)"	"=Image(""https://encrypted-tbn0.gstatic.com/images?q=tbn:ANd9GcTzhUvqH7HjsyHYbzzIxubMHw1nNkwAOJlhXYs_RtM-_C-KfQBU_OQpsIJuloM&s"",4,100,122)"
4	cerve	45.531563	6.2350924372	us/cerve	0.98	515.0	15.33	6181.0	9497.0	us	10.0	515.0	100.0	9497.0	1.3	Beauty & Personal Care	60.0	15.33	6181.0	https://www.amazon.com/s/ref=nb_sb_noss?url=search-alias%3Daps&field-keywords=cerve	True	True	296.0	21.0	"=Image(""https://m.media-amazon.com/images/I/61S7BrCBj7L._AC_UY218_.jpg"",4,100,122)"	"=Image(""https://m.media-amazon.com/images/I/51YT4dO6bfL._AC_UY218_.jpg"",4,100,122)"	"=Image(""https://m.media-amazon.com/images/I/516r6ghtxaL._AC_UY218_.jpg"",4,100,122)"	"=Image(""https://encrypted-tbn0.gstatic.com/images?q=tbn:ANd9GcSbsX5edpv5sqqlf0uBhA3sfvIQFD9Y9-4UFPEXFen_VJc8lCU-HHqRarv9rg&s"",4,100,122)"	"=Image(""https://encrypted-tbn0.gstatic.com/images?q=tbn:ANd9GcSuEncF-BFRcMRZeVAEfbvKs3W1A_D4Doh1n4dglnNbXHPyuz-2iyOoKyE3Rg&s"",4,100,122)"	"=Image(""https://encrypted-tbn0.gstatic.com/images?q=tbn:ANd9GcRGxeZrr5BisAJDt4L-sy6GiQWHN3SPsvchAai0uE4SW0sDLvKbu4lzP_tpKXk&s"",4,100,122)"
7	pixi glow tonic	70.507416	14.7582297362	us/pixi glow tonic	0.86	14.0	1.75	6179.0	8430.0	us	-27.0	14.0	90.0	8430.0	0.97	Beauty & Personal Care	57.0	1.75	6179.0	https://www.amazon.com/s/ref=nb_sb_noss?url=search-alias%3Daps&field-keywords=pixi%20glow%20tonic	True	True	146.0	10.0	"=Image(""https://m.media-amazon.com/images/I/515b2daDXPL._AC_UY218_.jpg"",4,100,122)"	"=Image(""https://m.media-amazon.com/images/I/616LbPDxASL._AC_UY218_.jpg"",4,100,122)"	"=Image(""https://m.media-amazon.com/images/I/71MxYnxO8aL._AC_UY218_.jpg"",4,100,122)"	"=Image(""https://encrypted-tbn0.gstatic.com/images?q=tbn:ANd9GcR3YSzRee6deGQqfFrSEG4U_GtxJpNSlCa_AxY6rQKZrjhUgx23VUJfISF-lig&s"",4,100,122)"	"=Image(""https://encrypted-tbn0.gstatic.com/images?q=tbn:ANd9GcR8fLSxf__gM34kHp3KJLCcYyNISYnTTr3VN0sxMIN0b9qY_8pOIePP8iWKkx0&s"",4,100,122)"	"=Image(""https://encrypted-tbn0.gstatic.com/images?q=tbn:ANd9GcS8I3ZOx6RCVWBqJ_M0YAyMY-eNdkIWIldT8QkeTDd9eKZbr-n-c16zsMqEHbA&s"",4,100,122)"
1	baby mirror for car back seat full view infant	158.7973	28.4620312199	us/baby mirror for car back seat full view infant	1.82	78.0		5919.0	6219.0	us	-28.0	78.0	100.0	6219.0	1.24	Baby	41.0		5919.0	https://www.amazon.com/s/ref=nb_sb_noss?url=search-alias%3Daps&field-keywords=baby%20mirror%20for%20car%20back%20seat%20full%20view%20infant	True	False	177.0	30.0	"=Image(""none"",4,100,122)"	"=Image(""none"",4,100,122)"	"=Image(""none"",4,100,122)"	"=Image(""https://encrypted-tbn0.gstatic.com/images?q=tbn:ANd9GcTYgRHwVeMx5I55F6EUNQITvG7toljnfGvndEeZAE_zW7pkANhINFekxATfDhU&s"",4,100,122)"	"=Image(""https://encrypted-tbn0.gstatic.com/images?q=tbn:ANd9GcR2Ph3phQnWtIXzXiyZ4LyyKA958An94h2_Uy1iikgAzOH4U20uY20nBPLRUEA&s"",4,100,122)"	"=Image(""https://encrypted-tbn0.gstatic.com/images?q=tbn:ANd9GcSWpNEQ72yGf_CODVzgWHu824GJ6WrddddUsPt0czPAd3Eo825egRPDsQteYg&s"",4,100,122)"
1	wyze scale	47.14669	24.5218272067	us/wyze scale		239.0		5895.0	9045.0	us	38.0	239.0	95.0	9045.0		Health & Household	107.0		5895.0	https://www.amazon.com/s/ref=nb_sb_noss?url=search-alias%3Daps&field-keywords=wyze%20scale	True	False	52.0	20.0	"=Image(""https://m.media-amazon.com/images/I/61qnfuuOmSL._AC_UY218_.jpg"",4,100,122)"	"=Image(""https://m.media-amazon.com/images/I/81dBp-HNo4L._AC_UY218_.jpg"",4,100,122)"	"=Image(""https://m.media-amazon.com/images/I/61WQrEstdSL._AC_UY218_.jpg"",4,100,122)"	"=Image(""https://encrypted-tbn0.gstatic.com/images?q=tbn:ANd9GcQgm_UiwmU5CiIek5JGglg9ySX_SxJ6Kx2GObuUHoPm7Rg8mxc0tzOahz8q2ls&s"",4,100,122)"	"=Image(""https://encrypted-tbn0.gstatic.com/images?q=tbn:ANd9GcR5yRw-mfLCk1c5-hhhj4lWhfJFAAQXwUvjFahjknYEi4H6euWxBDnt-ESdfQ&s"",4,100,122)"	"=Image(""https://encrypted-tbn0.gstatic.com/images?q=tbn:ANd9GcSQEVu7Ed5E5ArgeYGApmciVWTk-mqKNHkSOrpGSG_OUdF4j5iHg2m9eTzLww&s"",4,100,122)"
8	cell phone automobile cradles	66.15133	25.0612064567	us/cell phone automobile cradles	1.22	165.0		5842.0	7010.0	us	147.0	165.0	95.0	7010.0	1.3	Cell Phones & Accessories	-29.0		5842.0	https://www.amazon.com/s/ref=nb_sb_noss?url=search-alias%3Daps&field-keywords=cell%20phone%20automobile%20cradles	True	False	200.0	18.0	"=Image(""https://m.media-amazon.com/images/I/816QTbK3R3L._AC_UY218_.jpg"",4,100,122)"	"=Image(""https://m.media-amazon.com/images/I/61gc90tHQcL._AC_UY218_.jpg"",4,100,122)"	"=Image(""https://m.media-amazon.com/images/I/61B35inSLLL._AC_UY218_.jpg"",4,100,122)"	"=Image(""https://encrypted-tbn0.gstatic.com/images?q=tbn:ANd9GcQgfgD37Wnj7diMjFtHJiJPZdq9S80evrdnQmJwJdDhTc8finP_U3az7WLd6g&s"",4,100,122)"	"=Image(""https://encrypted-tbn0.gstatic.com/images?q=tbn:ANd9GcSW0TH90wrUN4xd9A1cVr-9zB7ZotStIqH7Yct6MATy9wphA2QQcwRsm6K29w&s"",4,100,122)"	"=Image(""https://encrypted-tbn0.gstatic.com/images?q=tbn:ANd9GcQ35OGflpiZHT7NuXXEotbnNUNKz6IPnXOA-5DXdMBD_AiysvGZnTUGrDsBzA&s"",4,100,122)"
8	fisher price infant to toddler rocker	59.64642	7.3872246772	us/fisher price infant to toddler rocker		46.0		5745.0	8378.0	us	-27.0	46.0	95.0	8378.0		Baby	59.0		5745.0	https://www.amazon.com/s/ref=nb_sb_noss?url=search-alias%3Daps&field-keywords=fisher%20price%20infant%20to%20toddler%20rocker	True	False	95.0	36.0	"=Image(""https://m.media-amazon.com/images/I/816ImZ81wPL._AC_UY218_.jpg"",4,100,122)"	"=Image(""https://m.media-amazon.com/images/I/71JXk2UYo7L._AC_UY218_.jpg"",4,100,122)"	"=Image(""https://m.media-amazon.com/images/I/71dY3Qfte7L._AC_UY218_.jpg"",4,100,122)"	"=Image(""https://encrypted-tbn0.gstatic.com/images?q=tbn:ANd9GcT7X-MiXsimeCSLUFUc_m6PB2cBk-s17C5ztu-DffrmLBrkjAoKoBoRiB10WA&s"",4,100,122)"	"=Image(""https://encrypted-tbn0.gstatic.com/images?q=tbn:ANd9GcSo70CN79eG_pboavMdb5rUM-gx4eD-ACjF6gnFwy65zwL0w4V2_bIZZbuZ9JI&s"",4,100,122)"	"=Image(""https://encrypted-tbn0.gstatic.com/images?q=tbn:ANd9GcRNJCVDQVE8fH51WpJMJ7_qTideE4axFgoLheXzDs3JPAMAVc0A_eqYgPiB8Tw&s"",4,100,122)"
6	gender prediction kit	144.20506	17.8992925807	us/gender prediction kit	0.72	18.0		5726.0	9027.0	us	7.0	18.0	100.0	9027.0	0.6000000000000001	Health & Household	135.0		5726.0	https://www.amazon.com/s/ref=nb_sb_noss?url=search-alias%3Daps&field-keywords=gender%20prediction%20kit	True	True	136.0	12.0	"=Image(""https://m.media-amazon.com/images/I/61gCoFvXsNL._AC_UY218_.jpg"",4,100,122)"	"=Image(""https://m.media-amazon.com/images/I/71pLhZ1rLIL._AC_UY218_.jpg"",4,100,122)"	"=Image(""https://m.media-amazon.com/images/I/71nVVZMkaqL._AC_UY218_.jpg"",4,100,122)"	"=Image(""https://encrypted-tbn0.gstatic.com/images?q=tbn:ANd9GcRDBSr7VadbNwQSlD1KGJZhIMO7LzyCObmA6OFB3roSrUEvMjQbyEEfNkGDpw&s"",4,100,122)"	"=Image(""https://encrypted-tbn0.gstatic.com/images?q=tbn:ANd9GcTPxrxAUAa2nmtEA67xNeRRamWABHN84jslNRPgN1DiD8rwQa4qKFMfN0uUxuc&s"",4,100,122)"	"=Image(""https://encrypted-tbn0.gstatic.com/images?q=tbn:ANd9GcTmTJcsuBAe7PLjAG50ych1Gsq1eS2IAbuEb7C-m-EoQDaWlzD8ST3z3ytXenA&s"",4,100,122)"
6	sugar waxing kit for women	62.91612	9.4355699493	us/sugar waxing kit for women		106.0		5706.0	6318.0	us	95.0	106.0	100.0	6318.0		Beauty & Personal Care	125.0		5706.0	https://www.amazon.com/s/ref=nb_sb_noss?url=search-alias%3Daps&field-keywords=sugar%20waxing%20kit%20for%20women	True	False	382.0	21.0	"=Image(""https://m.media-amazon.com/images/I/816T0abq1VL._AC_UY218_.jpg"",4,100,122)"	"=Image(""https://m.media-amazon.com/images/I/81G7+Ps7RBL._AC_UY218_.jpg"",4,100,122)"	"=Image(""https://m.media-amazon.com/images/I/71JRWGPM90L._AC_UY218_.jpg"",4,100,122)"	"=Image(""https://encrypted-tbn0.gstatic.com/images?q=tbn:ANd9GcRAs-Ly0FPBVJUPUXIaxjJib3yC4crRjQBF_bfJH5zUyeSvo3WSQ3HsCyD3gA&s"",4,100,122)"	"=Image(""https://encrypted-tbn0.gstatic.com/images?q=tbn:ANd9GcSosRiXRRBcUW9H_UedI1UtJS3X4dVUQa5xs3TQ3yKYFG9GZdNmkpXRp-4-Eg&s"",4,100,122)"	"=Image(""https://encrypted-tbn0.gstatic.com/images?q=tbn:ANd9GcQCysWJPv03cgzxiHU_68MqdlVJ4tv2S41e63QB8gnPWQYpyJMDT5-KuOM6ew0&s"",4,100,122)"
2	anal bleach	46.771534	12.2152203705	us/anal bleach	1.02	40.0	5.92	5694.0	10949.0	us	12.0	40.0	95.0	10949.0	1.28	Beauty & Personal Care	45.0	5.92	5694.0	https://www.amazon.com/s/ref=nb_sb_noss?url=search-alias%3Daps&field-keywords=anal%20bleach	True	True	450.0	35.0	"=Image(""https://m.media-amazon.com/images/I/719tfTtTQWL._AC_UY218_.jpg"",4,100,122)"	"=Image(""https://m.media-amazon.com/images/I/81k6jQNepvL._AC_UY218_.jpg"",4,100,122)"	"=Image(""https://m.media-amazon.com/images/I/318QY2b60gL._AC_UY218_.jpg"",4,100,122)"	"=Image(""https://encrypted-tbn0.gstatic.com/images?q=tbn:ANd9GcSmd5DT3OhBy22LU7CtX4z3x4Yar8GHjYL8bOlVX0kI9_1yPXX0NpHgSq8Q9A&s"",4,100,122)"	"=Image(""https://encrypted-tbn0.gstatic.com/images?q=tbn:ANd9GcQurBOODjgB--qH_Fcyxpe8DnHf_vukSCJdEqMe8axd9iwXq7mmS148M0HDU-o&s"",4,100,122)"	"=Image(""https://encrypted-tbn0.gstatic.com/images?q=tbn:ANd9GcTD7hvQjt3znSTuHVpmj9T073grMRnEvFIpLwLDDaY22zW-r6Px3hP8kbAp1w&s"",4,100,122)"
7	nanit	50.598804	6.280520233	us/nanit	4.72	44.0	3.99	5674.0	21964.0	us	-13.0	44.0	80.0	21964.0	1.72	Baby	38.0	3.99	5674.0	https://www.amazon.com/s/ref=nb_sb_noss?url=search-alias%3Daps&field-keywords=nanit	True	True	75.0	18.0	"=Image(""https://m.media-amazon.com/images/I/71waPQ6VFnL._AC_UY218_.jpg"",4,100,122)"	"=Image(""https://m.media-amazon.com/images/I/71RAcaYKBzL._AC_UY218_.jpg"",4,100,122)"	"=Image(""https://m.media-amazon.com/images/I/71d0qNYAxpL._AC_UY218_.jpg"",4,100,122)"	"=Image(""https://encrypted-tbn0.gstatic.com/images?q=tbn:ANd9GcSODiorJjrcQfGWnZsG1GUQqz6nZ03E8LZYJsb6n4zvF1Yys9CsWuSo_JT15w&s"",4,100,122)"	"=Image(""https://encrypted-tbn0.gstatic.com/images?q=tbn:ANd9GcQDVZYpso8tcaZFGyjDY_YGR6D85Dmj5AO3IsMuvT0Xtt97EEcH-msZCh4eaQ&s"",4,100,122)"	"=Image(""https://encrypted-tbn0.gstatic.com/images?q=tbn:ANd9GcSK-PRx4AnJ_isn-U00UViBBukw8zEEBTQY57X7_p5NUrrHIhbHbkcjoKhP2uU&s"",4,100,122)"
5	baby camera for car	81.308426	10.0923178857	us/baby camera for car	2.14	33.0		5605.0	11325.0	us	92.0	33.0	95.0	11325.0	1.55	Baby	90.0		5605.0	https://www.amazon.com/s/ref=nb_sb_noss?url=search-alias%3Daps&field-keywords=baby%20camera%20for%20car	True	True	308.0	21.0	"=Image(""https://m.media-amazon.com/images/I/810RB+d1o3L._AC_UY218_.jpg"",4,100,122)"	"=Image(""https://m.media-amazon.com/images/I/71YCigG7xFL._AC_UY218_.jpg"",4,100,122)"	"=Image(""https://m.media-amazon.com/images/I/71+4uo81H9L._AC_UY218_.jpg"",4,100,122)"	"=Image(""https://encrypted-tbn0.gstatic.com/images?q=tbn:ANd9GcSmvfpaOqycBmTKMZJoq2HCIjhXGaPFvosyxVtyFgnfkzkBzcBD_oQSoXeXTA&s"",4,100,122)"	"=Image(""https://encrypted-tbn0.gstatic.com/images?q=tbn:ANd9GcT5xMWQ2qbmpdeViW7KmWepolb-URP2wWc_ZJ_pDG1f1vqvyyDd-VzSS155GkA&s"",4,100,122)"	"=Image(""https://encrypted-tbn0.gstatic.com/images?q=tbn:ANd9GcT6TPh2uhwoMrEPU2H8hrcDxyX4OS2rpvaiJ6l0hRJACbCbkIZugm9Zi-icTA&s"",4,100,122)"
7	cerave serum	70.65514	14.7891505223	us/cerave serum	1.35	88.0		5382.0	64503.0	us	49.0	88.0	100.0	64503.0	1.17	Beauty & Personal Care	34.0		5382.0	https://www.amazon.com/s/ref=nb_sb_noss?url=search-alias%3Daps&field-keywords=cerave%20serum	True	True	92.0	25.0	"=Image(""https://m.media-amazon.com/images/I/61cl0ehpn4L._AC_UY218_.jpg"",4,100,122)"	"=Image(""https://m.media-amazon.com/images/I/61AsvLuVX8L._AC_UY218_.jpg"",4,100,122)"	"=Image(""https://m.media-amazon.com/images/I/51XHk83uN7L._AC_UY218_.jpg"",4,100,122)"	"=Image(""https://encrypted-tbn0.gstatic.com/images?q=tbn:ANd9GcR3S2iP07AoCd9TnQ2Ax7GKCY6ELWvxjp6c26Mj-bgtCx2V3iCmU20ZnuD_yQ&s"",4,100,122)"	"=Image(""https://encrypted-tbn0.gstatic.com/images?q=tbn:ANd9GcSrkSNxSKRDfCh_0k2BRb6huBZvp00_qNhkXfbbNT4xaV9tBu-p_FQ7aGHfZw&s"",4,100,122)"	"=Image(""https://encrypted-tbn0.gstatic.com/images?q=tbn:ANd9GcQYsbQ8ac4q-RvR1-InW3o4bENdThidBPMSzCZRKQTXqP_kFJyddNH9rC4EDmg&s"",4,100,122)"
6	dab rigs	78.17121	11.7233853577	us/dab rigs	0.67	12.0	0.17	5326.0	38135.0	us	-6.0	12.0	100.0	38135.0	0.7000000000000001	Health & Household	-75.0	0.17	5326.0	https://www.amazon.com/s/ref=nb_sb_noss?url=search-alias%3Daps&field-keywords=dab%20rigs	True	True	1000.0	18.0	"=Image(""https://m.media-amazon.com/images/I/61rInK9zlCL._AC_UY218_.jpg"",4,100,122)"	"=Image(""https://m.media-amazon.com/images/I/51Fjq1CM21L._AC_UY218_.jpg"",4,100,122)"	"=Image(""https://m.media-amazon.com/images/I/61I6WZmQGyL._AC_UY218_.jpg"",4,100,122)"	"=Image(""https://encrypted-tbn0.gstatic.com/images?q=tbn:ANd9GcTQIJd4Hve1Zsnz-fAm9RTQK5F73cVpxR-CgsskePMmo-_KghqpX4vnJegBz14&s"",4,100,122)"	"=Image(""https://encrypted-tbn0.gstatic.com/images?q=tbn:ANd9GcQ-w4vUlyD4AaE_4-NWau1Y8hUNZdhfb_4x78blfWbM2mTrHmUXzvdXhMSTBA&s"",4,100,122)"	"=Image(""https://encrypted-tbn0.gstatic.com/images?q=tbn:ANd9GcQWINDwC5euIVM3ndej9q1JuFrShzmrAPCA5SOgMwBI_1jKIGeUZbMyliwkeq4&s"",4,100,122)"
